{
  "project_info": {
    "project_number": "964547736123",
    "project_id": "pillgood-5a300",
    "storage_bucket": "pillgood-5a300.appspot.com"
  },
  "client": [
    {
      "client_info": {
        "mobilesdk_app_id": "1:964547736123:android:be04c69e8bdb2cde09e21e",
        "android_client_info": {
          "package_name": "com.pilllike.pillgood"
        }
      },
      "oauth_client": [],
      "api_key": [
        {
          "current_key": "AIzaSyAsd7oPGq3KFTYwNlpGAgbdAInNW1H9a3I"
        }
      ],
      "services": {
        "appinvite_service": {
          "other_platform_oauth_client": []
        }
      }
    }
  ],
  "configuration_version": "1"
}